guild_id	channel_id	message_id	function_name
988085977719402536	1094687086692548748	1094710421509918871	results_dropdown
988085977719402536	1094687086692548748	1094710500962611291	results_dropdown
988085977719402536	1094687086692548748	1094711351596814346	results_dropdown
988085977719402536	1094687086692548748	1094713359632437369	results_dropdown
988085977719402536	1094687086692548748	1094717845344092312	results_dropdown
1090802718211321896	1094386065592307822	1094743622966055023	update_event_selector
1090802718211321896	1094386082780553246	1094743639630024894	results_dropdown
1090802718211321896	1094386082780553246	1094745124942131270	results_dropdown
988085977719402536	1094687086692548748	1094746540129657012	results_dropdown
1090802718211321896	1094762483249590433	1094762487452278915	update_confirm_button
1090802718211321896	1094762474290565201	1094762622081052692	update_confirm_button
988085977719402536	1094686846925144214	1094763112680407212	update_event_selector
988085977719402536	1094763182582669333	1094763188018487347	update_confirm_button
